participant_type,participant_id,maze_size,maze_shape,maze_file,edit_distance,path_ratio,timestamp,json_file
human,19980704,5x5,C,5x5_C_3.npy,0.0,0.28,1753373990,19980704_5x5_C_1753373990.json
human,19980704,5x5,Z,5x5_Z_4.npy,0.0,0.4,1753374046,19980704_5x5_Z_1753374046.json
human,19980704,5x5,cross,5x5_cross_0.npy,0.0,0.2,1753373014,19980704_5x5_cross_1753373014.json
human,19980704,5x5,spiral,5x5_spiral_3.npy,0.0,0.68,1753373083,19980704_5x5_spiral_1753373083.json
human,19980704,5x5,square,5x5_square_3.npy,0.0,0.32,1753372958,19980704_5x5_square_1753372958.json
human,19980704,5x5,triangle,5x5_triangle_2.npy,0.4,0.36,1753373868,19980704_5x5_triangle_1753373868.json
human,19980704,7x7,C,7x7_C_3.npy,0.16326530612244897,0.14285714285714285,1753374435,19980704_7x7_C_1753374435.json
human,19980704,7x7,Z,7x7_Z_7.npy,0.24489795918367346,0.20408163265306123,1753374481,19980704_7x7_Z_1753374481.json
human,19980704,7x7,cross,7x7_cross_28.npy,0.12244897959183673,0.10204081632653061,1753374199,19980704_7x7_cross_1753374199.json
human,19980704,7x7,spiral,7x7_spiral_10.npy,0.08163265306122448,0.3469387755102041,1753374265,19980704_7x7_spiral_1753374265.json
human,19980704,7x7,square,7x7_square_10.npy,0.0,0.16326530612244897,1753374147,19980704_7x7_square_1753374147.json
human,19980704,7x7,triangle,7x7_triangle_9.npy,0.14285714285714285,0.1836734693877551,1753374359,19980704_7x7_triangle_1753374359.json
human,19990318,5x5,C,5x5_C_2.npy,0.0,0.28,1753580127,19990318_5x5_C_1753580127.json
human,19990318,5x5,Z,5x5_Z_1.npy,0.0,0.4,1753580165,19990318_5x5_Z_1753580165.json
human,19990318,5x5,cross,5x5_cross_0.npy,0.0,0.2,1753579972,19990318_5x5_cross_1753579972.json
human,19990318,5x5,spiral,5x5_spiral_0.npy,0.0,0.68,1753580004,19990318_5x5_spiral_1753580004.json
human,19990318,5x5,square,5x5_square_2.npy,0.0,0.32,1753579841,19990318_5x5_square_1753579841.json
human,19990318,5x5,square,5x5_square_1.npy,0.0,0.32,1753579925,19990318_5x5_square_1753579925.json
human,19990318,5x5,triangle,5x5_triangle_1.npy,0.32,0.32,1753580087,19990318_5x5_triangle_1753580087.json
human,19990318,7x7,C,7x7_C_13.npy,0.16326530612244897,0.14285714285714285,1753580490,19990318_7x7_C_1753580490.json
human,19990318,7x7,Z,7x7_Z_9.npy,0.24489795918367346,0.20408163265306123,1753580534,19990318_7x7_Z_1753580534.json
human,19990318,7x7,cross,7x7_cross_5.npy,0.14285714285714285,0.12244897959183673,1753580299,19990318_7x7_cross_1753580299.json
human,19990318,7x7,spiral,7x7_spiral_28.npy,0.08163265306122448,0.3469387755102041,1753580352,19990318_7x7_spiral_1753580352.json
human,19990318,7x7,square,7x7_square_27.npy,0.16326530612244897,0.16326530612244897,1753580226,19990318_7x7_square_1753580226.json
human,19990318,7x7,triangle,7x7_triangle_16.npy,0.22448979591836735,0.1836734693877551,1753580430,19990318_7x7_triangle_1753580430.json
human,19990630,5x5,C,5x5_C_3.npy,0.0,0.28,1753614658,19990630_5x5_C_1753614658.json
human,19990630,5x5,Z,5x5_Z_3.npy,0.0,0.4,1753614698,19990630_5x5_Z_1753614698.json
human,19990630,5x5,cross,5x5_cross_1.npy,0.0,0.2,1753614530,19990630_5x5_cross_1753614530.json
human,19990630,5x5,spiral,5x5_spiral_1.npy,0.0,0.68,1753614559,19990630_5x5_spiral_1753614559.json
human,19990630,5x5,square,5x5_square_4.npy,0.0,0.32,1753614476,19990630_5x5_square_1753614476.json
human,19990630,5x5,triangle,5x5_triangle_3.npy,0.0,0.36,1753614620,19990630_5x5_triangle_1753614620.json
human,19990630,7x7,C,7x7_C_25.npy,0.0,0.14285714285714285,1753614937,19990630_7x7_C_1753614937.json
human,19990630,7x7,Z,7x7_Z_0.npy,0.0,0.20408163265306123,1753614978,19990630_7x7_Z_1753614978.json
human,19990630,7x7,cross,7x7_cross_6.npy,0.0,0.10204081632653061,1753614786,19990630_7x7_cross_1753614786.json
human,19990630,7x7,spiral,7x7_spiral_2.npy,0.0,0.3469387755102041,1753614815,19990630_7x7_spiral_1753614815.json
human,19990630,7x7,square,7x7_square_17.npy,0.0,0.16326530612244897,1753614741,19990630_7x7_square_1753614741.json
human,19990630,7x7,triangle,7x7_triangle_15.npy,0.061224489795918366,0.1836734693877551,1753614881,19990630_7x7_triangle_1753614881.json
human,19990708,5x5,C,5x5_C_4.npy,0.0,0.28,1753604165,19990708_5x5_C_1753604165.json
human,19990708,5x5,Z,5x5_Z_0.npy,0.0,0.4,1753604646,19990708_5x5_Z_1753604646.json
human,19990708,5x5,cross,5x5_cross_3.npy,0.0,0.2,1753603879,19990708_5x5_cross_1753603879.json
human,19990708,5x5,spiral,5x5_spiral_2.npy,0.0,0.68,1753604031,19990708_5x5_spiral_1753604031.json
human,19990708,5x5,square,5x5_square_3.npy,0.0,0.32,1753603806,19990708_5x5_square_1753603806.json
human,19990708,5x5,triangle,5x5_triangle_3.npy,0.0,0.36,1753604101,19990708_5x5_triangle_1753604101.json
human,19990708,7x7,C,7x7_C_3.npy,0.16326530612244897,0.14285714285714285,1753605102,19990708_7x7_C_1753605102.json
human,19990708,7x7,Z,7x7_Z_9.npy,0.0,0.20408163265306123,1753605180,19990708_7x7_Z_1753605180.json
human,19990708,7x7,cross,7x7_cross_11.npy,0.12244897959183673,0.10204081632653061,1753604901,19990708_7x7_cross_1753604901.json
human,19990708,7x7,spiral,7x7_spiral_15.npy,0.08163265306122448,0.3469387755102041,1753604957,19990708_7x7_spiral_1753604957.json
human,19990708,7x7,square,7x7_square_22.npy,0.20408163265306123,0.16326530612244897,1753604822,19990708_7x7_square_1753604822.json
human,19990708,7x7,triangle,7x7_triangle_1.npy,0.061224489795918366,0.1836734693877551,1753605046,19990708_7x7_triangle_1753605046.json
human,19991011,5x5,C,5x5_C_2.npy,0.0,0.28,1753412364,19991011_5x5_C_1753412364.json
human,19991011,5x5,Z,5x5_Z_1.npy,0.0,0.4,1753412409,19991011_5x5_Z_1753412409.json
human,19991011,5x5,cross,5x5_cross_1.npy,0.0,0.2,1753412158,19991011_5x5_cross_1753412158.json
human,19991011,5x5,spiral,5x5_spiral_3.npy,0.0,0.68,1753412214,19991011_5x5_spiral_1753412214.json
human,19991011,5x5,square,5x5_square_1.npy,0.0,0.32,1753412084,19991011_5x5_square_1753412084.json
human,19991011,5x5,triangle,5x5_triangle_3.npy,0.0,0.36,1753412313,19991011_5x5_triangle_1753412313.json
human,19991011,7x7,C,7x7_C_14.npy,0.16326530612244897,0.14285714285714285,1753412793,19991011_7x7_C_1753412793.json
human,19991011,7x7,Z,7x7_Z_16.npy,0.24489795918367346,0.20408163265306123,1753412829,19991011_7x7_Z_1753412829.json
human,19991011,7x7,cross,7x7_cross_10.npy,0.12244897959183673,0.10204081632653061,1753412549,19991011_7x7_cross_1753412549.json
human,19991011,7x7,spiral,7x7_spiral_21.npy,0.08163265306122448,0.3469387755102041,1753412637,19991011_7x7_spiral_1753412637.json
human,19991011,7x7,square,7x7_square_20.npy,0.20408163265306123,0.16326530612244897,1753412463,19991011_7x7_square_1753412463.json
human,19991011,7x7,triangle,7x7_triangle_3.npy,0.061224489795918366,0.1836734693877551,1753412731,19991011_7x7_triangle_1753412731.json
human,19991127,5x5,C,5x5_C_2.npy,0.0,0.28,1753584944,19991127_5x5_C_1753584944.json
human,19991127,5x5,Z,5x5_Z_1.npy,0.0,0.4,1753584983,19991127_5x5_Z_1753584983.json
human,19991127,5x5,cross,5x5_cross_1.npy,0.0,0.2,1753584799,19991127_5x5_cross_1753584799.json
human,19991127,5x5,spiral,5x5_spiral_0.npy,0.0,0.68,1753584824,19991127_5x5_spiral_1753584824.json
human,19991127,5x5,square,5x5_square_3.npy,0.0,0.32,1753584741,19991127_5x5_square_1753584741.json
human,19991127,5x5,triangle,5x5_triangle_1.npy,0.0,0.36,1753584892,19991127_5x5_triangle_1753584892.json
human,19991127,7x7,C,7x7_C_1.npy,0.16326530612244897,0.14285714285714285,1753585250,19991127_7x7_C_1753585250.json
human,19991127,7x7,Z,7x7_Z_19.npy,0.0,0.20408163265306123,1753585289,19991127_7x7_Z_1753585289.json
human,19991127,7x7,cross,7x7_cross_18.npy,0.12244897959183673,0.10204081632653061,1753585085,19991127_7x7_cross_1753585085.json
human,19991127,7x7,spiral,7x7_spiral_10.npy,0.0,0.3469387755102041,1753585131,19991127_7x7_spiral_1753585131.json
human,19991127,7x7,square,7x7_square_12.npy,0.16326530612244897,0.16326530612244897,1753585045,19991127_7x7_square_1753585045.json
human,19991127,7x7,triangle,7x7_triangle_15.npy,0.061224489795918366,0.1836734693877551,1753585204,19991127_7x7_triangle_1753585204.json
human,20000315,5x5,C,5x5_C_3.npy,0.0,0.28,1753403951,20000315_5x5_C_1753403951.json
human,20000315,5x5,Z,5x5_Z_0.npy,0.0,0.4,1753404002,20000315_5x5_Z_1753404002.json
human,20000315,5x5,cross,5x5_cross_2.npy,0.0,0.2,1753403677,20000315_5x5_cross_1753403677.json
human,20000315,5x5,spiral,5x5_spiral_1.npy,0.0,0.68,1753403741,20000315_5x5_spiral_1753403741.json
human,20000315,5x5,square,5x5_square_2.npy,0.0,0.32,1753403617,20000315_5x5_square_1753403617.json
human,20000315,5x5,triangle,5x5_triangle_2.npy,0.4,0.36,1753403877,20000315_5x5_triangle_1753403877.json
human,20000315,7x7,C,7x7_C_19.npy,0.16326530612244897,0.14285714285714285,1753404371,20000315_7x7_C_1753404371.json
human,20000315,7x7,Z,7x7_Z_17.npy,0.0,0.20408163265306123,1753404421,20000315_7x7_Z_1753404421.json
human,20000315,7x7,cross,7x7_cross_1.npy,0.0,0.10204081632653061,1753404129,20000315_7x7_cross_1753404129.json
human,20000315,7x7,spiral,7x7_spiral_1.npy,0.0,0.3469387755102041,1753404175,20000315_7x7_spiral_1753404175.json
human,20000315,7x7,square,7x7_square_7.npy,0.0,0.16326530612244897,1753404065,20000315_7x7_square_1753404065.json
human,20000315,7x7,triangle,7x7_triangle_18.npy,0.061224489795918366,0.1836734693877551,1753404307,20000315_7x7_triangle_1753404307.json
human,20000509,5x5,C,5x5_C_3.npy,0.0,0.28,1753581942,20000509_5x5_C_1753581942.json
human,20000509,5x5,Z,5x5_Z_0.npy,0.0,0.4,1753581984,20000509_5x5_Z_1753581984.json
human,20000509,5x5,cross,5x5_cross_2.npy,0.0,0.2,1753581699,20000509_5x5_cross_1753581699.json
human,20000509,5x5,spiral,5x5_spiral_2.npy,0.0,0.68,1753581730,20000509_5x5_spiral_1753581730.json
human,20000509,5x5,square,5x5_square_3.npy,0.0,0.36,1753581628,20000509_5x5_square_1753581628.json
human,20000509,5x5,triangle,5x5_triangle_3.npy,0.36,0.36,1753581899,20000509_5x5_triangle_1753581899.json
human,20000509,7x7,C,7x7_C_2.npy,0.16326530612244897,0.14285714285714285,1753582301,20000509_7x7_C_1753582301.json
human,20000509,7x7,Z,7x7_Z_24.npy,0.0,0.20408163265306123,1753582333,20000509_7x7_Z_1753582333.json
human,20000509,7x7,cross,7x7_cross_23.npy,0.12244897959183673,0.10204081632653061,1753582121,20000509_7x7_cross_1753582121.json
human,20000509,7x7,spiral,7x7_spiral_5.npy,0.08163265306122448,0.3469387755102041,1753582160,20000509_7x7_spiral_1753582160.json
human,20000509,7x7,square,7x7_square_18.npy,0.0,0.16326530612244897,1753582029,20000509_7x7_square_1753582029.json
human,20000509,7x7,triangle,7x7_triangle_22.npy,0.0,0.16326530612244897,1753582256,20000509_7x7_triangle_1753582256.json
human,20000829,5x5,C,5x5_C_0.npy,0.0,0.28,1753600964,20000829_5x5_C_1753600964.json
human,20000829,5x5,Z,5x5_Z_4.npy,0.0,0.4,1753601006,20000829_5x5_Z_1753601006.json
human,20000829,5x5,cross,5x5_cross_1.npy,0.0,0.2,1753600690,20000829_5x5_cross_1753600690.json
human,20000829,5x5,spiral,5x5_spiral_2.npy,0.0,0.68,1753600725,20000829_5x5_spiral_1753600725.json
human,20000829,5x5,square,5x5_square_4.npy,0.0,0.32,1753600605,20000829_5x5_square_1753600605.json
human,20000829,5x5,triangle,5x5_triangle_4.npy,0.0,0.36,1753600908,20000829_5x5_triangle_1753600908.json
human,20000829,7x7,C,7x7_C_21.npy,0.16326530612244897,0.14285714285714285,1753601301,20000829_7x7_C_1753601301.json
human,20000829,7x7,Z,7x7_Z_25.npy,0.24489795918367346,0.20408163265306123,1753601355,20000829_7x7_Z_1753601355.json
human,20000829,7x7,cross,7x7_cross_27.npy,0.12244897959183673,0.10204081632653061,1753601132,20000829_7x7_cross_1753601132.json
human,20000829,7x7,spiral,7x7_spiral_27.npy,0.08163265306122448,0.3469387755102041,1753601171,20000829_7x7_spiral_1753601171.json
human,20000829,7x7,square,7x7_square_11.npy,0.32653061224489793,0.16326530612244897,1753601068,20000829_7x7_square_1753601068.json
human,20000829,7x7,triangle,7x7_triangle_12.npy,0.22448979591836735,0.1836734693877551,1753601254,20000829_7x7_triangle_1753601254.json
human,20001201,5x5,C,5x5_C_4.npy,0.0,0.28,1753612271,20001201_5x5_C_1753612271.json
human,20001201,5x5,Z,5x5_Z_2.npy,0.0,0.4,1753612301,20001201_5x5_Z_1753612301.json
human,20001201,5x5,cross,5x5_cross_3.npy,0.0,0.2,1753612131,20001201_5x5_cross_1753612131.json
human,20001201,5x5,spiral,5x5_spiral_0.npy,0.0,0.68,1753612157,20001201_5x5_spiral_1753612157.json
human,20001201,5x5,square,5x5_square_2.npy,0.0,0.32,1753612081,20001201_5x5_square_1753612081.json
human,20001201,5x5,triangle,5x5_triangle_4.npy,0.0,0.36,1753612226,20001201_5x5_triangle_1753612226.json
human,20001201,7x7,C,7x7_C_8.npy,0.16326530612244897,0.14285714285714285,1753612565,20001201_7x7_C_1753612565.json
human,20001201,7x7,Z,7x7_Z_9.npy,0.0,0.20408163265306123,1753612599,20001201_7x7_Z_1753612599.json
human,20001201,7x7,cross,7x7_cross_25.npy,0.12244897959183673,0.10204081632653061,1753612410,20001201_7x7_cross_1753612410.json
human,20001201,7x7,spiral,7x7_spiral_15.npy,0.0,0.3469387755102041,1753612452,20001201_7x7_spiral_1753612452.json
human,20001201,7x7,square,7x7_square_28.npy,0.16326530612244897,0.16326530612244897,1753612353,20001201_7x7_square_1753612353.json
human,20001201,7x7,triangle,7x7_triangle_25.npy,0.1836734693877551,0.1836734693877551,1753612518,20001201_7x7_triangle_1753612518.json
human,20001203,5x5,C,5x5_C_4.npy,0.0,0.28,1753426613,20001203_5x5_C_1753426613.json
human,20001203,5x5,Z,5x5_Z_2.npy,0.0,0.4,1753426662,20001203_5x5_Z_1753426662.json
human,20001203,5x5,cross,5x5_cross_0.npy,0.0,0.2,1753426280,20001203_5x5_cross_1753426280.json
human,20001203,5x5,spiral,5x5_spiral_1.npy,0.0,0.68,1753426326,20001203_5x5_spiral_1753426326.json
human,20001203,5x5,square,5x5_square_4.npy,0.0,0.32,1753426215,20001203_5x5_square_1753426215.json
human,20001203,5x5,triangle,5x5_triangle_2.npy,0.2,0.52,1753426480,20001203_5x5_triangle_1753426480.json
human,20001203,7x7,C,7x7_C_3.npy,0.0,0.14285714285714285,1753427197,20001203_7x7_C_1753427197.json
human,20001203,7x7,Z,7x7_Z_11.npy,0.0,0.20408163265306123,1753427248,20001203_7x7_Z_1753427248.json
human,20001203,7x7,cross,7x7_cross_6.npy,0.0,0.10204081632653061,1753426949,20001203_7x7_cross_1753426949.json
human,20001203,7x7,spiral,7x7_spiral_28.npy,0.0,0.3469387755102041,1753426989,20001203_7x7_spiral_1753426989.json
human,20001203,7x7,square,7x7_square_27.npy,0.0,0.16326530612244897,1753426777,20001203_7x7_square_1753426777.json
human,20001203,7x7,triangle,7x7_triangle_7.npy,0.1836734693877551,0.1836734693877551,1753427091,20001203_7x7_triangle_1753427091.json
human,20010115,5x5,C,5x5_C_4.npy,0.0,0.28,1753615625,20010115_5x5_C_1753615625.json
human,20010115,5x5,Z,5x5_Z_1.npy,0.0,0.4,1753615651,20010115_5x5_Z_1753615651.json
human,20010115,5x5,cross,5x5_cross_1.npy,0.0,0.2,1753615434,20010115_5x5_cross_1753615434.json
human,20010115,5x5,spiral,5x5_spiral_1.npy,0.0,0.68,1753615512,20010115_5x5_spiral_1753615512.json
human,20010115,5x5,square,5x5_square_4.npy,0.0,0.32,1753615269,20010115_5x5_square_1753615269.json
human,20010115,5x5,triangle,5x5_triangle_1.npy,0.0,0.36,1753615576,20010115_5x5_triangle_1753615576.json
human,20010115,7x7,C,7x7_C_16.npy,0.16326530612244897,0.14285714285714285,1753615904,20010115_7x7_C_1753615904.json
human,20010115,7x7,Z,7x7_Z_18.npy,0.0,0.20408163265306123,1753615955,20010115_7x7_Z_1753615955.json
human,20010115,7x7,cross,7x7_cross_13.npy,0.12244897959183673,0.10204081632653061,1753615748,20010115_7x7_cross_1753615748.json
human,20010115,7x7,spiral,7x7_spiral_29.npy,0.0,0.3469387755102041,1753615786,20010115_7x7_spiral_1753615786.json
human,20010115,7x7,square,7x7_square_8.npy,0.20408163265306123,0.16326530612244897,1753615692,20010115_7x7_square_1753615692.json
human,20010115,7x7,triangle,7x7_triangle_2.npy,0.16326530612244897,0.16326530612244897,1753615862,20010115_7x7_triangle_1753615862.json
human,20010403,5x5,C,5x5_C_2.npy,0.0,0.28,1753585979,20010403_5x5_C_1753585979.json
human,20010403,5x5,Z,5x5_Z_2.npy,0.0,0.4,1753586010,20010403_5x5_Z_1753586010.json
human,20010403,5x5,cross,5x5_cross_1.npy,0.0,0.2,1753585742,20010403_5x5_cross_1753585742.json
human,20010403,5x5,spiral,5x5_spiral_3.npy,0.0,0.68,1753585784,20010403_5x5_spiral_1753585784.json
human,20010403,5x5,square,5x5_square_3.npy,0.0,0.32,1753585531,20010403_5x5_square_1753585531.json
human,20010403,5x5,square,5x5_square_0.npy,0.0,0.32,1753585654,20010403_5x5_square_1753585654.json
human,20010403,5x5,triangle,5x5_triangle_4.npy,0.24,0.36,1753585928,20010403_5x5_triangle_1753585928.json
human,20010403,7x7,C,7x7_C_1.npy,0.16326530612244897,0.14285714285714285,1753586278,20010403_7x7_C_1753586278.json
human,20010403,7x7,Z,7x7_Z_6.npy,0.0,0.20408163265306123,1753586317,20010403_7x7_Z_1753586317.json
human,20010403,7x7,cross,7x7_cross_27.npy,0.12244897959183673,0.10204081632653061,1753586118,20010403_7x7_cross_1753586118.json
human,20010403,7x7,spiral,7x7_spiral_15.npy,0.0,0.3469387755102041,1753586165,20010403_7x7_spiral_1753586165.json
human,20010403,7x7,square,7x7_square_15.npy,0.20408163265306123,0.16326530612244897,1753586062,20010403_7x7_square_1753586062.json
human,20010403,7x7,triangle,7x7_triangle_25.npy,0.14285714285714285,0.1836734693877551,1753586227,20010403_7x7_triangle_1753586227.json
human,20010517,5x5,C,5x5_C_1.npy,0.0,0.28,1753407392,20010517_5x5_C_1753407392.json
human,20010517,5x5,Z,5x5_Z_2.npy,0.0,0.4,1753407438,20010517_5x5_Z_1753407438.json
human,20010517,5x5,cross,5x5_cross_2.npy,0.0,0.2,1753406987,20010517_5x5_cross_1753406987.json
human,20010517,5x5,spiral,5x5_spiral_4.npy,0.0,0.68,1753407190,20010517_5x5_spiral_1753407190.json
human,20010517,5x5,square,5x5_square_4.npy,0.0,0.32,1753406925,20010517_5x5_square_1753406925.json
human,20010517,5x5,triangle,5x5_triangle_4.npy,0.28,0.36,1753407277,20010517_5x5_triangle_1753407277.json
human,20010517,7x7,C,7x7_C_8.npy,0.0,0.14285714285714285,1753407776,20010517_7x7_C_1753407776.json
human,20010517,7x7,Z,7x7_Z_3.npy,0.0,0.20408163265306123,1753407814,20010517_7x7_Z_1753407814.json
human,20010517,7x7,cross,7x7_cross_13.npy,0.0,0.10204081632653061,1753407541,20010517_7x7_cross_1753407541.json
human,20010517,7x7,spiral,7x7_spiral_25.npy,0.0,0.3469387755102041,1753407600,20010517_7x7_spiral_1753407600.json
human,20010517,7x7,square,7x7_square_5.npy,0.0,0.16326530612244897,1753407500,20010517_7x7_square_1753407500.json
human,20010517,7x7,triangle,7x7_triangle_6.npy,0.14285714285714285,0.1836734693877551,1753407699,20010517_7x7_triangle_1753407699.json
human,20010925,5x5,C,5x5_C_3.npy,0.0,0.28,1753605590,20010925_5x5_C_1753605590.json
human,20010925,5x5,Z,5x5_Z_1.npy,0.0,0.4,1753605642,20010925_5x5_Z_1753605642.json
human,20010925,5x5,cross,5x5_cross_2.npy,0.0,0.2,1753605415,20010925_5x5_cross_1753605415.json
human,20010925,5x5,spiral,5x5_spiral_0.npy,0.0,0.68,1753605444,20010925_5x5_spiral_1753605444.json
human,20010925,5x5,square,5x5_square_2.npy,0.0,0.32,1753605345,20010925_5x5_square_1753605345.json
human,20010925,5x5,triangle,5x5_triangle_1.npy,0.0,0.32,1753605540,20010925_5x5_triangle_1753605540.json
human,20010925,7x7,C,7x7_C_12.npy,0.16326530612244897,0.14285714285714285,1753606007,20010925_7x7_C_1753606007.json
human,20010925,7x7,Z,7x7_Z_21.npy,0.0,0.20408163265306123,1753606047,20010925_7x7_Z_1753606047.json
human,20010925,7x7,cross,7x7_cross_25.npy,0.0,0.10204081632653061,1753605831,20010925_7x7_cross_1753605831.json
human,20010925,7x7,spiral,7x7_spiral_23.npy,0.08163265306122448,0.3469387755102041,1753605868,20010925_7x7_spiral_1753605868.json
human,20010925,7x7,square,7x7_square_16.npy,0.2653061224489796,0.3469387755102041,1753605706,20010925_7x7_square_1753605706.json
human,20010925,7x7,triangle,7x7_triangle_15.npy,0.061224489795918366,0.1836734693877551,1753605945,20010925_7x7_triangle_1753605945.json
human,20011205,5x5,C,5x5_C_4.npy,0.0,0.28,1753578951,20011205_5x5_C_1753578951.json
human,20011205,5x5,Z,5x5_Z_3.npy,0.0,0.4,1753578990,20011205_5x5_Z_1753578990.json
human,20011205,5x5,cross,5x5_cross_0.npy,0.0,0.2,1753578481,20011205_5x5_cross_1753578481.json
human,20011205,5x5,spiral,5x5_spiral_0.npy,0.0,0.68,1753578518,20011205_5x5_spiral_1753578518.json
human,20011205,5x5,square,5x5_square_2.npy,0.0,0.32,1753578420,20011205_5x5_square_1753578420.json
human,20011205,5x5,triangle,5x5_triangle_1.npy,0.0,0.32,1753578604,20011205_5x5_triangle_1753578604.json
human,20011205,5x5,triangle,5x5_triangle_3.npy,0.0,0.36,1753578894,20011205_5x5_triangle_1753578894.json
human,20011205,7x7,C,7x7_C_19.npy,0.16326530612244897,0.14285714285714285,1753579459,20011205_7x7_C_1753579459.json
human,20011205,7x7,Z,7x7_Z_2.npy,0.0,0.20408163265306123,1753579499,20011205_7x7_Z_1753579499.json
human,20011205,7x7,cross,7x7_cross_10.npy,0.12244897959183673,0.10204081632653061,1753579143,20011205_7x7_cross_1753579143.json
human,20011205,7x7,spiral,7x7_spiral_12.npy,0.08163265306122448,0.3469387755102041,1753579252,20011205_7x7_spiral_1753579252.json
human,20011205,7x7,square,7x7_square_8.npy,0.16326530612244897,0.16326530612244897,1753579090,20011205_7x7_square_1753579090.json
human,20011205,7x7,triangle,7x7_triangle_12.npy,0.1836734693877551,0.1836734693877551,1753579401,20011205_7x7_triangle_1753579401.json
human,20020220,5x5,C,5x5_C_3.npy,0.0,0.28,1753602727,20020220_5x5_C_1753602727.json
human,20020220,5x5,Z,5x5_Z_3.npy,0.0,0.4,1753602773,20020220_5x5_Z_1753602773.json
human,20020220,5x5,cross,5x5_cross_0.npy,0.0,0.2,1753602530,20020220_5x5_cross_1753602530.json
human,20020220,5x5,spiral,5x5_spiral_3.npy,0.0,0.68,1753602580,20020220_5x5_spiral_1753602580.json
human,20020220,5x5,square,5x5_square_4.npy,0.0,0.32,1753602461,20020220_5x5_square_1753602461.json
human,20020220,5x5,triangle,5x5_triangle_1.npy,0.28,0.32,1753602677,20020220_5x5_triangle_1753602677.json
human,20020220,7x7,C,7x7_C_0.npy,0.16326530612244897,0.14285714285714285,1753603119,20020220_7x7_C_1753603119.json
human,20020220,7x7,Z,7x7_Z_7.npy,0.16326530612244897,0.20408163265306123,1753603164,20020220_7x7_Z_1753603164.json
human,20020220,7x7,cross,7x7_cross_5.npy,0.12244897959183673,0.10204081632653061,1753602919,20020220_7x7_cross_1753602919.json
human,20020220,7x7,spiral,7x7_spiral_20.npy,0.0,0.3469387755102041,1753602960,20020220_7x7_spiral_1753602960.json
human,20020220,7x7,square,7x7_square_21.npy,0.16326530612244897,0.16326530612244897,1753602822,20020220_7x7_square_1753602822.json
human,20020220,7x7,triangle,7x7_triangle_25.npy,0.14285714285714285,0.1836734693877551,1753603055,20020220_7x7_triangle_1753603055.json
human,20020914,5x5,C,5x5_C_1.npy,0.0,0.28,1753584334,20020914_5x5_C_1753584334.json
human,20020914,5x5,Z,5x5_Z_2.npy,0.0,0.4,1753584370,20020914_5x5_Z_1753584370.json
human,20020914,5x5,cross,5x5_cross_3.npy,0.0,0.2,1753584188,20020914_5x5_cross_1753584188.json
human,20020914,5x5,spiral,5x5_spiral_4.npy,0.0,0.68,1753584214,20020914_5x5_spiral_1753584214.json
human,20020914,5x5,square,5x5_square_1.npy,0.0,0.32,1753584137,20020914_5x5_square_1753584137.json
human,20020914,5x5,triangle,5x5_triangle_3.npy,0.0,0.36,1753584288,20020914_5x5_triangle_1753584288.json
human,20020914,7x7,C,7x7_C_11.npy,0.2857142857142857,0.14285714285714285,1753584602,20020914_7x7_C_1753584602.json
human,20020914,7x7,Z,7x7_Z_19.npy,0.24489795918367346,0.20408163265306123,1753584640,20020914_7x7_Z_1753584640.json
human,20020914,7x7,cross,7x7_cross_14.npy,0.20408163265306123,0.10204081632653061,1753584460,20020914_7x7_cross_1753584460.json
human,20020914,7x7,spiral,7x7_spiral_27.npy,0.0,0.3469387755102041,1753584488,20020914_7x7_spiral_1753584488.json
human,20020914,7x7,square,7x7_square_17.npy,0.32653061224489793,0.16326530612244897,1753584412,20020914_7x7_square_1753584412.json
human,20020914,7x7,triangle,7x7_triangle_9.npy,0.22448979591836735,0.1836734693877551,1753584560,20020914_7x7_triangle_1753584560.json
human,20021107,5x5,C,5x5_C_2.npy,0.0,0.28,1753613653,20021107_5x5_C_1753613653.json
human,20021107,5x5,Z,5x5_Z_2.npy,0.0,0.4,1753613679,20021107_5x5_Z_1753613679.json
human,20021107,5x5,cross,5x5_cross_4.npy,0.0,0.2,1753613509,20021107_5x5_cross_1753613509.json
human,20021107,5x5,spiral,5x5_spiral_1.npy,0.0,0.68,1753613538,20021107_5x5_spiral_1753613538.json
human,20021107,5x5,square,5x5_square_4.npy,0.0,0.32,1753613465,20021107_5x5_square_1753613465.json
human,20021107,7x7,C,7x7_C_21.npy,0.0,0.14285714285714285,1753613902,20021107_7x7_C_1753613902.json
human,20021107,7x7,Z,7x7_Z_18.npy,0.0,0.20408163265306123,1753613932,20021107_7x7_Z_1753613932.json
human,20021107,7x7,cross,7x7_cross_26.npy,0.0,0.10204081632653061,1753613769,20021107_7x7_cross_1753613769.json
human,20021107,7x7,spiral,7x7_spiral_9.npy,0.0,0.3469387755102041,1753613798,20021107_7x7_spiral_1753613798.json
human,20021107,7x7,square,7x7_square_8.npy,0.0,0.16326530612244897,1753613720,20021107_7x7_square_1753613720.json
human,20021107,7x7,triangle,7x7_triangle_29.npy,0.14285714285714285,0.1836734693877551,1753613859,20021107_7x7_triangle_1753613859.json
human,20030312,5x5,C,5x5_C_3.npy,0.0,0.28,1753606782,20030312_5x5_C_1753606782.json
human,20030312,5x5,Z,5x5_Z_4.npy,0.0,0.4,1753606822,20030312_5x5_Z_1753606822.json
human,20030312,5x5,cross,5x5_cross_3.npy,0.0,0.2,1753606356,20030312_5x5_cross_1753606356.json
human,20030312,5x5,spiral,5x5_spiral_1.npy,0.0,0.68,1753606581,20030312_5x5_spiral_1753606581.json
human,20030312,5x5,square,5x5_square_2.npy,0.0,0.32,1753606292,20030312_5x5_square_1753606292.json
human,20030312,5x5,square,5x5_square_3.npy,0.0,0.32,1753606483,20030312_5x5_square_1753606483.json
human,20030312,5x5,triangle,5x5_triangle_1.npy,0.32,0.32,1753606731,20030312_5x5_triangle_1753606731.json
human,20030312,7x7,C,7x7_C_22.npy,0.0,0.14285714285714285,1753607368,20030312_7x7_C_1753607368.json
human,20030312,7x7,Z,7x7_Z_6.npy,0.0,0.20408163265306123,1753607417,20030312_7x7_Z_1753607417.json
human,20030312,7x7,cross,7x7_cross_21.npy,0.0,0.10204081632653061,1753607036,20030312_7x7_cross_1753607036.json
human,20030312,7x7,spiral,7x7_spiral_27.npy,0.0,0.3469387755102041,1753607227,20030312_7x7_spiral_1753607227.json
human,20030312,7x7,square,7x7_square_16.npy,0.0,0.16326530612244897,1753606941,20030312_7x7_square_1753606941.json
human,20030312,7x7,triangle,7x7_triangle_0.npy,0.14285714285714285,0.1836734693877551,1753607315,20030312_7x7_triangle_1753607315.json
human,20030722,5x5,C,5x5_C_4.npy,0.0,0.28,1753580890,20030722_5x5_C_1753580890.json
human,20030722,5x5,Z,5x5_Z_3.npy,0.04,0.44,1753580929,20030722_5x5_Z_1753580929.json
human,20030722,5x5,cross,5x5_cross_1.npy,0.0,0.2,1753580726,20030722_5x5_cross_1753580726.json
human,20030722,5x5,spiral,5x5_spiral_2.npy,0.0,0.68,1753580754,20030722_5x5_spiral_1753580754.json
human,20030722,5x5,square,5x5_square_2.npy,0.0,0.32,1753580661,20030722_5x5_square_1753580661.json
human,20030722,5x5,triangle,5x5_triangle_2.npy,0.0,0.36,1753580833,20030722_5x5_triangle_1753580833.json
human,20030722,7x7,C,7x7_C_16.npy,0.0,0.14285714285714285,1753581291,20030722_7x7_C_1753581291.json
human,20030722,7x7,Z,7x7_Z_7.npy,0.0,0.20408163265306123,1753581325,20030722_7x7_Z_1753581325.json
human,20030722,7x7,cross,7x7_cross_11.npy,0.0,0.10204081632653061,1753581090,20030722_7x7_cross_1753581090.json
human,20030722,7x7,spiral,7x7_spiral_23.npy,0.0,0.3469387755102041,1753581132,20030722_7x7_spiral_1753581132.json
human,20030722,7x7,square,7x7_square_6.npy,0.0,0.16326530612244897,1753581011,20030722_7x7_square_1753581011.json
human,20030722,7x7,triangle,7x7_triangle_10.npy,0.1836734693877551,0.1836734693877551,1753581237,20030722_7x7_triangle_1753581237.json
human,20031016,5x5,C,5x5_C_4.npy,0.0,0.28,1753599895,20031016_5x5_C_1753599895.json
human,20031016,5x5,Z,5x5_Z_1.npy,0.0,0.4,1753599967,20031016_5x5_Z_1753599967.json
human,20031016,5x5,cross,5x5_cross_3.npy,0.0,0.2,1753599230,20031016_5x5_cross_1753599230.json
human,20031016,5x5,cross,5x5_cross_1.npy,0.0,0.2,1753599633,20031016_5x5_cross_1753599633.json
human,20031016,5x5,spiral,5x5_spiral_0.npy,0.0,0.68,1753599297,20031016_5x5_spiral_1753599297.json
human,20031016,5x5,spiral,5x5_spiral_2.npy,0.0,0.68,1753599707,20031016_5x5_spiral_1753599707.json
human,20031016,5x5,square,5x5_square_4.npy,0.0,0.32,1753599129,20031016_5x5_square_1753599129.json
human,20031016,5x5,square,5x5_square_3.npy,0.0,0.32,1753599569,20031016_5x5_square_1753599569.json
human,20031016,5x5,triangle,5x5_triangle_4.npy,0.24,0.36,1753599384,20031016_5x5_triangle_1753599384.json
human,20031016,5x5,triangle,5x5_triangle_2.npy,0.0,0.36,1753599818,20031016_5x5_triangle_1753599818.json
human,20031016,7x7,C,7x7_C_5.npy,0.16326530612244897,0.14285714285714285,1753600436,20031016_7x7_C_1753600436.json
human,20031016,7x7,Z,7x7_Z_21.npy,0.24489795918367346,0.20408163265306123,1753600477,20031016_7x7_Z_1753600477.json
human,20031016,7x7,cross,7x7_cross_10.npy,0.12244897959183673,0.10204081632653061,1753600124,20031016_7x7_cross_1753600124.json
human,20031016,7x7,spiral,7x7_spiral_7.npy,0.08163265306122448,0.3469387755102041,1753600194,20031016_7x7_spiral_1753600194.json
human,20031016,7x7,square,7x7_square_20.npy,0.20408163265306123,0.16326530612244897,1753600031,20031016_7x7_square_1753600031.json
human,20031016,7x7,triangle,7x7_triangle_15.npy,0.22448979591836735,0.1836734693877551,1753600383,20031016_7x7_triangle_1753600383.json
human,20040130,5x5,C,5x5_C_3.npy,0.0,0.28,1753582590,20040130_5x5_C_1753582590.json
human,20040130,5x5,Z,5x5_Z_4.npy,0.0,0.4,1753582627,20040130_5x5_Z_1753582627.json
human,20040130,5x5,cross,5x5_cross_3.npy,0.0,0.2,1753582460,20040130_5x5_cross_1753582460.json
human,20040130,5x5,spiral,5x5_spiral_1.npy,0.0,0.68,1753582494,20040130_5x5_spiral_1753582494.json
human,20040130,5x5,square,5x5_square_2.npy,0.0,0.32,1753582414,20040130_5x5_square_1753582414.json
human,20040130,5x5,triangle,5x5_triangle_1.npy,0.0,0.32,1753582556,20040130_5x5_triangle_1753582556.json
human,20040130,7x7,C,7x7_C_20.npy,0.16326530612244897,0.14285714285714285,1753582894,20040130_7x7_C_1753582894.json
human,20040130,7x7,Z,7x7_Z_10.npy,0.0,0.20408163265306123,1753582924,20040130_7x7_Z_1753582924.json
human,20040130,7x7,cross,7x7_cross_18.npy,0.20408163265306123,0.10204081632653061,1753582733,20040130_7x7_cross_1753582733.json
human,20040130,7x7,spiral,7x7_spiral_23.npy,0.0,0.3469387755102041,1753582767,20040130_7x7_spiral_1753582767.json
human,20040130,7x7,square,7x7_square_20.npy,0.20408163265306123,0.16326530612244897,1753582671,20040130_7x7_square_1753582671.json
human,20040130,7x7,triangle,7x7_triangle_28.npy,0.1836734693877551,0.1836734693877551,1753582838,20040130_7x7_triangle_1753582838.json
human,20040519,5x5,C,5x5_C_0.npy,0.0,0.28,1753613067,20040519_5x5_C_1753613067.json
human,20040519,5x5,Z,5x5_Z_3.npy,0.0,0.4,1753613111,20040519_5x5_Z_1753613111.json
human,20040519,5x5,cross,5x5_cross_1.npy,0.0,0.2,1753612772,20040519_5x5_cross_1753612772.json
human,20040519,5x5,spiral,5x5_spiral_1.npy,0.0,0.68,1753612826,20040519_5x5_spiral_1753612826.json
human,20040519,5x5,square,5x5_square_1.npy,0.0,0.32,1753612719,20040519_5x5_square_1753612719.json
human,20040519,5x5,triangle,5x5_triangle_3.npy,0.36,0.36,1753612901,20040519_5x5_triangle_1753612901.json
human,20040519,7x7,C,7x7_C_4.npy,0.0,0.14285714285714285,1753613353,20040519_7x7_C_1753613353.json
human,20040519,7x7,Z,7x7_Z_5.npy,0.0,0.20408163265306123,1753613398,20040519_7x7_Z_1753613398.json
human,20040519,7x7,cross,7x7_cross_9.npy,0.0,0.10204081632653061,1753613206,20040519_7x7_cross_1753613206.json
human,20040519,7x7,spiral,7x7_spiral_10.npy,0.08163265306122448,0.3469387755102041,1753613235,20040519_7x7_spiral_1753613235.json
human,20040519,7x7,square,7x7_square_22.npy,0.0,0.16326530612244897,1753613151,20040519_7x7_square_1753613151.json
human,20040519,7x7,triangle,7x7_triangle_8.npy,0.061224489795918366,0.1836734693877551,1753613306,20040519_7x7_triangle_1753613306.json
human,20040611,5x5,C,5x5_C_4.npy,0.0,0.28,1753601847,20040611_5x5_C_1753601847.json
human,20040611,5x5,Z,5x5_Z_4.npy,0.0,0.4,1753601902,20040611_5x5_Z_1753601902.json
human,20040611,5x5,cross,5x5_cross_4.npy,0.0,0.2,1753601609,20040611_5x5_cross_1753601609.json
human,20040611,5x5,spiral,5x5_spiral_1.npy,0.0,0.68,1753601699,20040611_5x5_spiral_1753601699.json
human,20040611,5x5,square,5x5_square_1.npy,0.0,0.32,1753601519,20040611_5x5_square_1753601519.json
human,20040611,5x5,triangle,5x5_triangle_0.npy,0.0,0.36,1753601788,20040611_5x5_triangle_1753601788.json
human,20040611,7x7,C,7x7_C_3.npy,0.0,0.14285714285714285,1753602251,20040611_7x7_C_1753602251.json
human,20040611,7x7,Z,7x7_Z_28.npy,0.0,0.20408163265306123,1753602299,20040611_7x7_Z_1753602299.json
human,20040611,7x7,cross,7x7_cross_28.npy,0.0,0.10204081632653061,1753602026,20040611_7x7_cross_1753602026.json
human,20040611,7x7,spiral,7x7_spiral_7.npy,0.0,0.3469387755102041,1753602092,20040611_7x7_spiral_1753602092.json
human,20040611,7x7,square,7x7_square_3.npy,0.0,0.16326530612244897,1753601963,20040611_7x7_square_1753601963.json
human,20040611,7x7,triangle,7x7_triangle_26.npy,0.14285714285714285,0.1836734693877551,1753602184,20040611_7x7_triangle_1753602184.json
